INSERT INTO `redmedica`.`presion` (`idpresion`, `presion`) VALUES ('1', '50');
INSERT INTO `redmedica`.`presion` (`idpresion`, `presion`) VALUES ('2', '60');
INSERT INTO `redmedica`.`presion` (`idpresion`, `presion`) VALUES ('3', '70');
INSERT INTO `redmedica`.`presion` (`idpresion`, `presion`) VALUES ('4', '80');
INSERT INTO `redmedica`.`presion` (`idpresion`, `presion`) VALUES ('5', '90');
INSERT INTO `redmedica`.`presion` (`idpresion`, `presion`) VALUES ('6', '100');

INSERT INTO `redmedica`.`relusupresion` (`idRelUsuPresion`, `idusuario`, `idpresion`, `fecha`) VALUES ('1', '3', '2', '2015-12-04');
INSERT INTO `redmedica`.`relusupresion` (`idRelUsuPresion`, `idusuario`, `idpresion`, `fecha`) VALUES ('2', '3', '1', '2015-12-09');
INSERT INTO `redmedica`.`relusupresion` (`idRelUsuPresion`, `idusuario`, `idpresion`, `fecha`) VALUES ('3', '3', '3', '2015-12-06');
INSERT INTO `redmedica`.`relusupresion` (`idRelUsuPresion`, `idusuario`, `idpresion`, `fecha`) VALUES ('4', '3', '5', '2015-12-07');
INSERT INTO `redmedica`.`relusupresion` (`idRelUsuPresion`, `idusuario`, `idpresion`, `fecha`) VALUES ('5', '3', '2', '2015-12-08');
INSERT INTO `redmedica`.`relusupresion` (`idRelUsuPresion`, `idusuario`, `idpresion`, `fecha`) VALUES ('6', '3', '2', '2015-11-08');
INSERT INTO `redmedica`.`relusupresion` (`idRelUsuPresion`, `idusuario`, `idpresion`, `fecha`) VALUES ('7', '3', '2', '2015-11-09');
INSERT INTO `redmedica`.`relusupresion` (`idRelUsuPresion`, `idusuario`, `idpresion`, `fecha`) VALUES ('8', '1', '2', '2015-10-04');
INSERT INTO `redmedica`.`relusupresion` (`idRelUsuPresion`, `idusuario`, `idpresion`, `fecha`) VALUES ('9', '1', '1', '2015-10-05');
INSERT INTO `redmedica`.`relusupresion` (`idRelUsuPresion`, `idusuario`, `idpresion`, `fecha`) VALUES ('10', '1', '3', '2015-10-15');
INSERT INTO `redmedica`.`relusupresion` (`idRelUsuPresion`, `idusuario`, `idpresion`, `fecha`) VALUES ('11', '2', '5', '2015-11-07');
INSERT INTO `redmedica`.`relusupresion` (`idRelUsuPresion`, `idusuario`, `idpresion`, `fecha`) VALUES ('12', '4', '2', '2015-11-08');
INSERT INTO `redmedica`.`relusupresion` (`idRelUsuPresion`, `idusuario`, `idpresion`, `fecha`) VALUES ('13', '3', '2', '2015-11-04');
INSERT INTO `redmedica`.`relusupresion` (`idRelUsuPresion`, `idusuario`, `idpresion`, `fecha`) VALUES ('14', '3', '1', '2015-10-05');
INSERT INTO `redmedica`.`relusupresion` (`idRelUsuPresion`, `idusuario`, `idpresion`, `fecha`) VALUES ('15', '3', '3', '2015-10-15');
INSERT INTO `redmedica`.`relusupresion` (`idRelUsuPresion`, `idusuario`, `idpresion`, `fecha`) VALUES ('16', '2', '5', '2015-11-07');
INSERT INTO `redmedica`.`relusupresion` (`idRelUsuPresion`, `idusuario`, `idpresion`, `fecha`) VALUES ('17', '1', '2', '2015-11-08');

INSERT INTO `redmedica`.`enfermusu` (`idRelEnfermedadesUsuario`, `idUsuario`, `Enfermedad`) VALUES ('3', '3', '22');
INSERT INTO `redmedica`.`enfermusu` (`idRelEnfermedadesUsuario`, `idUsuario`, `Enfermedad`) VALUES ('4', '3', '10');

